Pclass,Sex,Embarked,SibSp,Parch,Fare,Title,Ticket,Family_survival,Family_size,Cabin,Age
3,0,0,1,0,7.25,0.0,5,0.5,2,8,22.0
1,1,1,1,0,71.2833,2.0,17599,0.5,2,2,38.0
3,1,0,0,0,7.925,1.0,2,0.5,1,8,26.0
1,1,0,1,0,53.1,2.0,113803,1.0,2,2,35.0
3,0,0,0,0,8.05,0.0,373450,0.5,1,8,35.0
3,0,2,0,0,8.4583,0.0,330877,0.5,1,8,28.09219023564532
1,0,0,0,0,51.8625,0.0,17463,0.5,1,4,54.0
3,0,0,3,1,21.075,3.0,349909,1.0,5,8,2.0
3,1,0,0,2,11.1333,2.0,347742,0.0,3,8,27.0
2,1,1,1,0,30.0708,2.0,237736,1.0,2,8,14.0
3,1,0,1,1,16.7,1.0,9549,0.0,3,6,4.0
1,1,0,0,0,26.55,1.0,113783,0.5,1,2,58.0
3,0,0,0,0,8.05,0.0,5,0.5,1,8,20.0
3,0,0,1,5,31.275,0.0,347082,1.0,7,8,39.0
3,1,0,0,0,7.8542,1.0,350406,0.5,1,8,14.0
2,1,0,0,0,16.0,2.0,248706,0.5,1,8,55.0
3,0,2,4,1,29.125,3.0,382652,1.0,6,8,2.0
2,0,0,0,0,13.0,0.0,244373,0.5,1,8,34.893163661247634
3,1,0,1,0,18.0,2.0,345763,1.0,2,8,31.0
3,1,1,0,0,7.225,2.0,2649,0.5,1,8,24.58182267195886
2,0,0,0,0,26.0,0.0,239865,1.0,1,8,35.0
2,0,0,0,0,13.0,0.0,248698,0.5,1,3,34.0
3,1,2,0,0,8.0292,1.0,330923,0.5,1,8,15.0
1,0,0,0,0,35.5,0.0,113788,0.5,1,0,28.0
3,1,0,3,1,21.075,1.0,349909,1.0,5,8,8.0
3,1,0,1,5,31.3875,2.0,347077,1.0,7,8,38.0
3,0,1,0,0,7.225,0.0,2631,0.5,1,8,28.276400184478558
1,0,0,3,2,263.0,0.0,19950,1.0,6,2,19.0
3,1,2,0,0,7.8792,1.0,330959,0.5,1,8,25.037832786758052
3,0,0,0,0,7.8958,0.0,349216,0.5,1,8,28.616925736426147
1,0,1,0,0,27.7208,4.0,17601,0.5,1,8,40.0
1,1,1,1,0,146.5208,2.0,17569,0.0,2,1,32.66711819454081
3,1,2,0,0,7.75,1.0,335677,0.5,1,8,25.041152281560326
2,0,0,0,0,10.5,0.0,24579,0.5,1,8,66.0
1,0,1,1,0,82.1708,0.0,17604,0.0,2,8,28.0
1,0,0,1,0,52.0,0.0,113789,0.0,2,8,42.0
3,0,1,0,0,7.2292,0.0,2677,0.5,1,8,28.27634724625608
3,0,0,0,0,8.05,0.0,5,0.5,1,8,21.0
3,1,0,2,0,18.0,1.0,345764,1.0,3,8,18.0
3,1,1,1,0,11.2417,1.0,2651,0.0,2,8,14.0
3,1,0,1,0,9.475,2.0,7546,0.5,2,8,40.0
2,1,0,1,0,21.0,2.0,11668,1.0,2,8,27.0
3,0,1,0,0,7.8958,0.0,349253,0.5,1,8,28.361490709286663
2,1,1,1,2,41.5792,1.0,2123,1.0,4,8,3.0
3,1,2,0,0,7.8792,1.0,330958,0.5,1,8,19.0
3,0,0,0,0,8.05,0.0,4,0.5,1,8,28.518231170631875
3,0,2,1,0,15.5,0.0,370371,0.5,2,8,24.46350051742348
3,1,2,0,0,7.75,1.0,14311,0.5,1,8,24.952544705467407
3,0,1,2,0,21.6792,0.0,2662,0.5,3,8,20.991457156739564
3,1,0,1,0,17.8,2.0,349237,1.0,2,8,18.0
3,0,0,4,1,39.6875,3.0,3101295,1.0,6,8,7.0
3,0,0,0,0,7.8,0.0,4,0.5,1,8,21.0
1,1,1,1,0,76.7292,2.0,17572,0.0,2,3,49.0
2,1,0,1,0,26.0,2.0,2926,0.5,2,8,29.0
1,0,1,0,1,61.9792,0.0,113509,0.5,2,1,65.0
1,0,0,0,0,35.5,0.0,19947,0.5,1,2,42.04528226055393
2,1,0,0,0,10.5,1.0,31026,0.5,1,8,21.0
3,0,1,0,0,7.2292,0.0,2697,0.5,1,8,28.5
2,1,0,1,2,27.75,1.0,34651,1.0,4,8,5.0
3,0,0,5,2,46.9,3.0,2144,1.0,8,8,11.0
3,0,1,0,0,7.2292,0.0,2669,0.5,1,8,22.0
1,1,0,0,0,80.0,1.0,113572,0.0,1,1,38.0
1,0,0,1,0,83.475,0.0,36973,0.0,2,2,45.0
3,0,0,3,2,27.9,3.0,347088,1.0,6,8,4.0
1,0,1,0,0,27.7208,0.0,17605,0.5,1,8,40.73008781206126
3,0,1,1,1,15.2458,3.0,2661,0.0,3,8,21.48977280305489
2,1,0,0,0,10.5,2.0,29395,0.5,1,5,29.0
3,0,0,0,0,8.1583,0.0,3464,0.5,1,8,19.0
3,1,0,4,2,7.925,1.0,3101281,0.5,7,8,17.0
3,0,0,2,0,8.6625,0.0,315151,0.5,3,8,26.0
2,0,0,0,0,10.5,0.0,33111,0.5,1,8,32.0
3,1,0,5,2,46.9,1.0,2144,1.0,8,8,16.0
2,0,0,0,0,73.5,0.0,14879,1.0,1,8,21.0
3,0,1,1,0,14.4542,0.0,2680,0.5,2,8,26.0
3,0,0,0,0,56.4958,0.0,1601,1.0,1,8,32.0
3,0,0,0,0,7.65,0.0,348123,0.5,1,5,25.0
3,0,0,0,0,7.8958,0.0,349208,0.5,1,8,28.61692353065264
3,0,0,0,0,8.05,0.0,374746,0.5,1,8,28.621555667561267
2,0,0,0,2,29.0,3.0,248738,0.0,3,8,0.83
3,1,0,0,0,12.475,1.0,364516,0.0,1,8,30.0
3,0,0,0,0,9.0,0.0,345767,0.5,1,8,22.0
3,0,0,0,0,9.5,0.0,345779,0.5,1,8,29.0
3,1,2,0,0,7.7875,1.0,330932,0.5,1,8,25.03925807661221
1,0,0,0,0,47.1,0.0,113059,0.5,1,8,28.0
2,1,0,0,0,10.5,1.0,14885,0.5,1,8,17.0
3,1,0,3,0,15.85,2.0,3101278,1.0,4,8,33.0
3,0,0,1,3,34.375,0.0,6608,1.0,5,8,16.0
3,0,0,0,0,8.05,0.0,392086,0.5,1,8,28.626336681636968
1,1,0,3,2,263.0,1.0,19950,1.0,6,2,23.0
3,0,0,0,0,8.05,0.0,343275,0.5,1,8,24.0
3,0,0,0,0,8.05,0.0,343276,0.5,1,8,29.0
3,0,0,0,0,7.8542,0.0,347466,0.5,1,8,20.0
1,0,0,1,0,61.175,0.0,5734,0.5,2,4,46.0
3,0,0,1,2,20.575,0.0,2315,0.0,4,8,26.0
3,0,0,0,0,7.25,0.0,364500,0.5,1,8,59.0
3,0,0,0,0,8.05,0.0,374910,0.5,1,8,28.621600885918156
1,0,1,0,0,34.6542,0.0,17754,0.5,1,0,71.0
1,0,1,0,1,63.3583,0.0,17759,0.5,2,3,23.0
2,1,0,0,1,23.0,2.0,231919,0.0,2,8,34.0
2,0,0,1,0,26.0,0.0,244367,0.0,2,8,34.0
3,1,0,0,0,7.8958,1.0,349245,0.5,1,8,28.0
3,0,0,0,0,7.8958,0.0,349215,1.0,1,8,28.977016749239354
1,0,0,0,1,77.2875,0.0,35281,1.0,2,3,21.0
3,0,0,0,0,8.6542,0.0,7540,0.5,1,8,33.0
3,0,0,2,0,7.925,0.0,3101276,1.0,3,8,37.0
3,0,0,0,0,7.8958,0.0,349207,0.5,1,8,28.0
3,1,0,0,0,7.65,1.0,343120,0.5,1,8,21.0
3,0,0,0,0,7.775,0.0,312991,0.5,1,8,28.608825115302707
3,0,0,0,0,7.8958,0.0,349249,0.5,1,8,38.0
3,1,2,1,0,24.15,1.0,371110,1.0,2,8,21.625218685119854
1,0,0,0,0,52.0,0.0,110465,1.0,1,2,47.0
3,1,1,1,0,14.4542,1.0,2665,1.0,2,8,14.5
3,0,0,0,0,8.05,0.0,324669,0.5,1,8,22.0
3,1,0,1,0,9.825,1.0,4136,1.0,2,8,20.0
3,1,1,0,0,14.4583,1.0,2627,1.0,1,8,17.0
3,0,0,0,0,7.925,0.0,2,0.5,1,8,21.0
3,0,2,0,0,7.75,0.0,370369,0.5,1,8,70.5
2,0,0,1,0,21.0,0.0,11668,1.0,2,8,29.0
1,0,1,0,1,247.5208,0.0,17558,0.0,2,1,24.0
3,1,0,4,2,31.275,1.0,347082,1.0,7,8,2.0
2,0,0,2,0,73.5,0.0,14879,1.0,3,8,21.0
3,0,0,0,0,8.05,0.0,4,0.5,1,8,28.518231170631875
2,0,1,1,0,30.0708,0.0,237736,0.0,2,8,32.5
2,1,0,0,0,13.0,1.0,27267,0.5,1,4,32.5
1,0,0,0,1,77.2875,0.0,35281,1.0,2,3,54.0
3,0,1,1,0,11.2417,3.0,2651,0.0,2,8,12.0
3,0,2,0,0,7.75,0.0,370372,0.5,1,8,28.11414644750837
3,0,0,0,0,7.1417,0.0,17369,0.5,1,8,24.0
3,1,1,1,1,22.3583,1.0,2668,0.0,3,5,20.799006826010476
3,0,0,0,0,6.975,0.0,347061,0.5,1,8,45.0
3,0,1,0,0,7.8958,0.0,349241,0.5,1,8,33.0
3,0,0,0,0,7.05,0.0,3101307,0.5,1,8,20.0
3,1,0,1,0,14.5,2.0,5,0.5,2,8,47.0
2,1,0,1,0,26.0,2.0,228414,0.5,2,8,29.0
2,0,0,0,0,13.0,0.0,29178,0.5,1,8,25.0
2,0,1,0,0,15.0458,0.0,2133,0.5,1,8,23.0
1,1,0,0,2,26.2833,1.0,11752,0.5,3,3,19.0
1,0,0,1,0,53.1,0.0,113803,0.0,2,2,37.0
3,0,0,0,0,9.2167,0.0,7534,1.0,1,8,16.0
1,0,1,0,0,79.2,0.0,17593,1.0,1,1,24.0
3,1,1,0,2,15.2458,2.0,2678,1.0,3,8,23.060195252179632
3,1,0,0,0,7.75,1.0,347081,0.5,1,8,22.0
3,1,0,1,0,15.85,2.0,2,1.0,2,8,24.0
3,0,2,0,0,6.75,0.0,365222,0.5,1,8,19.0
2,0,0,0,0,11.5,0.0,231945,0.5,1,8,18.0
2,0,0,1,1,36.75,0.0,33112,0.0,3,8,19.0
3,0,0,0,0,7.7958,0.0,350043,0.5,1,8,27.0
3,1,0,2,2,34.375,1.0,6608,1.0,5,8,9.0
2,0,0,0,2,26.0,0.0,230080,0.0,3,5,36.5
2,0,0,0,0,13.0,4.0,244310,0.5,1,8,42.0
2,0,0,0,0,12.525,4.0,1166,0.5,1,8,51.0
1,1,0,1,0,66.6,2.0,113776,1.0,2,2,22.0
3,0,0,0,0,8.05,0.0,5,0.5,1,8,55.5
3,0,0,0,2,14.5,0.0,5,0.5,3,8,40.5
3,0,0,0,0,7.3125,0.0,265302,0.5,1,8,28.6029023919971
1,0,1,0,1,61.3792,0.0,17597,0.5,2,8,51.0
3,1,2,0,0,7.7333,1.0,35851,0.5,1,8,16.0
3,0,0,0,0,8.05,0.0,392090,0.5,1,8,30.0
3,0,0,0,0,8.6625,0.0,315037,0.5,1,8,28.595522810835366
3,0,0,8,2,69.55,3.0,2343,1.0,11,8,0.0
3,0,0,0,1,16.1,0.0,371362,0.5,2,8,44.0
2,1,0,0,0,15.75,2.0,33595,0.5,1,8,40.0
3,0,0,0,0,7.775,0.0,347068,0.5,1,8,26.0
3,0,0,0,0,8.6625,0.0,315093,1.0,1,8,17.0
3,0,0,4,1,39.6875,3.0,3101295,1.0,6,8,1.0
3,0,0,0,2,20.525,3.0,363291,1.0,3,8,9.0
1,1,0,0,1,55.0,2.0,113505,0.0,2,4,36.43998036699978
3,1,0,1,4,27.9,2.0,347088,1.0,6,8,45.0
1,0,0,0,0,25.925,0.0,17318,0.5,1,8,41.01351175313317
3,0,0,0,0,56.4958,0.0,1601,1.0,1,8,28.0
1,0,0,0,0,33.5,0.0,111240,0.5,1,1,61.0
3,0,2,4,1,29.125,3.0,382652,1.0,6,8,4.0
3,1,0,1,1,11.1333,1.0,347742,0.0,3,8,1.0
3,0,0,0,0,7.925,0.0,2,0.5,1,8,21.0
1,0,1,0,0,30.6958,0.0,17764,0.5,1,0,56.0
3,0,0,1,1,7.8542,0.0,350404,0.5,3,8,18.0
3,0,0,3,1,25.4667,3.0,4133,1.0,5,8,15.246996600438223
1,1,1,0,0,28.7125,1.0,17595,0.5,1,2,50.0
2,0,0,0,0,13.0,0.0,250653,0.5,1,8,30.0
3,0,0,0,0,0.0,0.0,5,1.0,1,8,36.0
3,1,0,8,2,69.55,1.0,2343,1.0,11,8,0.0
2,0,1,0,0,15.05,0.0,2131,0.5,1,8,34.53889755649264
3,0,0,4,2,31.3875,3.0,347077,0.0,7,8,9.0
2,0,0,2,1,39.0,3.0,230136,0.0,4,5,1.0
3,1,0,0,2,22.025,1.0,315153,0.5,3,8,4.0
1,0,0,0,0,50.0,0.0,113767,0.5,1,0,42.23814927801608
3,1,2,1,0,15.5,2.0,370365,1.0,2,8,21.129007676118157
1,0,0,0,0,26.55,0.0,111428,0.5,1,8,45.0
3,0,2,1,1,15.5,0.0,364849,1.0,3,8,40.0
3,0,0,0,0,7.8958,0.0,349247,0.5,1,8,36.0
2,1,0,0,0,13.0,2.0,234604,0.5,1,8,32.0
2,0,0,0,0,13.0,0.0,28424,0.5,1,8,19.0
3,1,0,1,0,7.8542,1.0,350046,0.5,2,8,19.0
2,0,0,1,1,26.0,3.0,230080,1.0,3,5,3.0
1,1,1,0,0,27.7208,2.0,17610,0.5,1,1,44.0
1,1,1,0,0,146.5208,1.0,17569,0.0,1,1,58.0
3,0,2,0,0,7.75,0.0,368703,0.5,1,8,28.113686268010543
3,0,0,0,1,8.4042,0.0,4579,0.5,2,8,42.0
3,1,2,0,0,7.75,1.0,370370,0.5,1,8,25.050717894093673
2,1,0,0,0,13.0,1.0,248747,0.5,1,8,24.0
3,0,0,0,0,9.5,0.0,345770,0.5,1,8,28.0
3,0,0,8,2,69.55,0.0,2343,1.0,11,8,0.0
3,0,0,0,0,6.4958,0.0,3101264,0.5,1,8,34.0
3,0,1,0,0,7.225,0.0,2628,0.5,1,8,45.5
3,0,0,0,0,8.05,0.0,5,0.5,1,8,18.0
3,1,0,0,1,10.4625,1.0,347054,1.0,2,6,2.0
3,0,0,1,0,15.85,0.0,3101278,0.0,2,8,32.0
3,0,1,0,0,18.7875,0.0,2699,1.0,1,8,26.0
3,1,2,0,0,7.75,1.0,367231,0.5,1,8,16.0
1,0,1,0,0,31.0,0.0,112277,0.5,1,0,40.0
3,0,0,0,0,7.05,0.0,3101311,1.0,1,8,24.0
2,1,0,0,0,21.0,1.0,13528,0.5,1,8,35.0
3,0,0,0,0,7.25,0.0,5,0.5,1,8,22.0
2,0,0,0,0,13.0,0.0,250646,0.5,1,8,30.0
3,0,2,1,0,7.75,0.0,367229,0.5,2,8,24.58372134418628
1,1,1,1,0,113.275,1.0,35273,1.0,2,3,31.0
3,1,0,0,0,7.925,1.0,2,0.5,1,8,27.0
2,0,0,1,0,27.0,0.0,243847,0.0,2,8,42.0
1,1,1,0,0,76.2917,1.0,11813,0.5,1,3,32.0
2,0,0,0,0,10.5,0.0,14208,0.0,1,8,30.0
3,0,0,0,0,8.05,0.0,392089,0.5,1,8,16.0
2,0,0,0,0,13.0,0.0,220367,0.5,1,8,27.0
3,0,0,0,0,8.05,0.0,21440,0.5,1,8,51.0
3,0,0,0,0,7.8958,0.0,349234,0.5,1,8,28.61693069941654
1,0,0,1,0,90.0,0.0,19943,0.0,2,2,38.0
3,0,0,0,0,9.35,0.0,4348,0.5,1,8,22.0
2,0,0,0,0,10.5,0.0,751,0.5,1,8,19.0
3,0,0,0,0,7.25,0.0,5,0.5,1,8,20.5
2,0,0,0,0,13.0,0.0,236171,0.5,1,8,18.0
3,1,0,3,1,25.4667,1.0,4133,1.0,5,8,14.077032019083191
1,1,0,1,0,83.475,2.0,36973,1.0,2,2,35.0
3,0,0,0,0,7.775,0.0,347067,0.5,1,8,29.0
2,0,0,0,0,13.5,0.0,237442,0.5,1,8,59.0
3,1,0,4,2,31.3875,1.0,347077,1.0,7,8,5.0
2,0,0,0,0,10.5,0.0,29566,0.5,1,8,24.0
3,1,0,0,0,7.55,1.0,6609,0.5,1,8,25.464436384238287
2,0,0,1,0,26.0,0.0,26707,0.5,2,8,44.0
2,1,0,0,2,26.25,1.0,31921,1.0,3,8,8.0
2,0,0,0,0,10.5,0.0,28665,0.5,1,8,19.0
2,0,0,0,0,12.275,0.0,1585,0.5,1,8,33.0
3,1,1,1,0,14.4542,1.0,2665,1.0,2,8,21.930564247313796
3,1,2,1,0,15.5,1.0,367230,0.0,2,8,21.039115185094207
2,0,0,0,0,10.5,0.0,14263,0.5,1,8,29.0
3,0,0,0,0,7.125,0.0,2,0.5,1,8,22.0
3,0,1,0,0,7.225,0.0,2694,0.5,1,8,30.0
1,0,2,2,0,90.0,4.0,19928,0.0,3,2,44.0
3,1,0,0,0,7.775,1.0,347071,0.5,1,8,25.0
2,1,0,0,2,14.5,2.0,250649,0.0,3,8,24.0
1,0,0,1,1,52.5542,0.0,11751,0.0,3,3,37.0
2,0,0,1,0,26.0,4.0,244252,1.0,2,8,54.0
3,0,0,0,0,7.25,0.0,362316,0.5,1,8,28.630627765097355
3,1,0,1,1,10.4625,2.0,347054,1.0,3,6,29.0
1,0,0,0,0,26.55,0.0,113514,0.5,1,2,62.0
3,0,0,1,0,16.1,0.0,5,1.0,2,8,30.0
3,1,0,0,2,20.2125,2.0,370129,1.0,3,8,41.0
3,1,1,0,2,15.2458,2.0,2650,0.5,3,8,29.0
1,1,1,0,0,79.2,2.0,17585,0.5,1,8,36.231181200280375
1,1,0,0,0,86.5,1.0,110152,0.0,1,1,30.0
1,1,1,0,0,512.3292,1.0,17755,0.0,1,8,35.0
2,1,0,0,1,26.0,2.0,230433,0.0,2,8,50.0
3,0,2,0,0,7.75,0.0,384461,0.5,1,8,28.118031090375297
3,0,0,4,2,31.3875,3.0,347077,1.0,7,8,3.0
1,0,0,1,1,79.65,0.0,110413,0.0,3,4,52.0
1,0,0,0,0,0.0,0.0,112059,0.5,1,1,40.0
3,1,2,0,0,7.75,1.0,382649,0.5,1,8,25.054103480704715
2,0,0,0,0,10.5,0.0,17248,0.5,1,8,36.0
3,0,0,4,1,39.6875,0.0,3101295,1.0,6,8,16.0
3,0,0,1,0,7.775,0.0,347083,0.5,2,8,25.0
1,1,0,0,1,153.4625,2.0,17582,1.0,2,2,58.0
1,1,0,0,0,135.6333,1.0,17760,1.0,1,2,35.0
1,0,0,0,0,31.0,0.0,113798,0.0,1,8,40.6007295437518
3,0,0,0,0,0.0,0.0,5,1.0,1,8,25.0
2,1,0,0,1,19.5,2.0,250644,0.0,2,8,41.0
1,0,1,0,1,29.7,0.0,17596,0.5,2,2,37.0
3,1,2,0,0,7.75,1.0,370375,0.5,1,8,25.050719272702114
1,1,0,1,0,77.9583,1.0,13502,0.0,2,3,63.0
3,1,0,0,0,7.75,1.0,347073,0.5,1,8,45.0
2,0,0,0,0,0.0,0.0,239853,1.0,1,8,35.455122607234884
3,0,2,4,1,29.125,3.0,382652,1.0,6,8,7.0
3,1,0,1,1,20.25,2.0,2673,1.0,3,8,35.0
3,0,2,0,0,7.75,0.0,336439,0.5,1,8,65.0
3,0,0,0,0,7.8542,0.0,347464,1.0,1,8,28.0
3,0,0,0,0,9.5,0.0,345778,0.5,1,8,16.0
3,0,0,0,0,8.05,0.0,5,0.5,1,8,19.0
1,0,0,0,0,26.0,0.0,113056,0.5,1,0,42.61293278355775
3,0,1,0,0,8.6625,0.0,349239,0.5,1,8,33.0
3,0,0,0,0,9.5,0.0,345774,0.5,1,8,30.0
3,0,0,0,0,7.8958,0.0,349206,0.5,1,8,22.0
2,0,0,0,0,13.0,0.0,237798,0.5,1,8,42.0
3,1,2,0,0,7.75,1.0,370373,0.5,1,8,22.0
1,1,0,0,0,78.85,1.0,19877,1.0,1,8,26.0
1,1,1,1,0,91.0792,2.0,11967,0.0,2,1,19.0
2,0,1,0,0,12.875,0.0,2163,0.5,1,3,36.0
3,1,0,0,0,8.85,1.0,349236,0.5,1,8,24.0
3,0,0,0,0,7.8958,0.0,349233,0.5,1,8,24.0
1,0,1,0,0,27.7208,0.0,17612,0.5,1,8,40.73008974211308
3,0,1,0,0,7.2292,0.0,2693,0.5,1,8,23.5
1,1,0,1,2,151.55,1.0,113781,1.0,4,2,2.0
1,0,0,0,0,30.5,0.0,19988,0.5,1,2,42.12341430340609
1,1,1,0,1,247.5208,2.0,17558,1.0,2,1,50.0
3,1,2,0,0,7.75,1.0,9234,0.0,1,8,24.591053577920846
3,0,2,2,0,23.25,0.0,367226,0.0,3,8,20.451896429815573
3,0,0,0,0,0.0,0.0,5,1.0,1,8,19.0
2,1,2,0,0,12.35,1.0,226593,0.5,1,4,32.111196465198454
3,0,0,0,0,8.05,0.0,5,0.5,1,8,28.518231446353564
1,0,0,1,2,151.55,3.0,113781,1.0,4,2,0.92
1,1,1,0,0,110.8833,1.0,17421,1.0,1,8,36.727357186675945
1,1,1,1,0,108.9,2.0,17758,1.0,2,2,17.0
2,0,1,1,0,24.0,0.0,3381,0.0,2,8,30.0
1,1,1,0,0,56.9292,1.0,17485,0.0,1,4,30.0
1,1,1,0,0,83.1583,1.0,11767,0.0,1,2,24.0
1,1,1,2,2,262.375,1.0,17608,0.0,5,1,18.0
2,1,0,1,1,26.0,2.0,250651,0.5,3,8,26.0
3,0,0,0,0,7.8958,0.0,349243,0.5,1,8,28.0
2,0,0,1,1,26.25,0.0,13529,0.0,3,8,43.0
3,1,0,0,0,7.8542,1.0,347470,0.5,1,8,26.0
2,1,0,1,0,26.0,2.0,244367,1.0,2,8,24.0
2,0,0,0,0,14.0,4.0,29011,0.5,1,8,54.0
1,1,0,0,2,164.8667,1.0,36928,0.0,3,2,31.0
1,1,1,1,1,134.5,2.0,16966,0.0,3,4,40.0
3,0,0,0,0,7.25,0.0,5,0.5,1,8,22.0
3,0,0,0,0,7.8958,0.0,349219,0.5,1,8,27.0
2,1,2,0,0,12.35,1.0,234818,0.5,1,8,30.0
2,1,0,1,1,29.0,2.0,248738,0.0,3,8,22.0
3,0,0,8,2,69.55,0.0,2343,1.0,11,8,0.0
1,1,1,0,0,135.6333,1.0,17760,1.0,1,2,36.0
3,0,0,0,0,6.2375,0.0,345364,0.5,1,8,61.0
2,1,0,0,0,13.0,2.0,28551,0.5,1,3,36.0
3,1,0,1,1,20.525,2.0,363291,1.0,3,8,31.0
1,1,1,0,1,57.9792,1.0,111361,0.0,2,1,16.0
3,1,2,2,0,23.25,1.0,367226,0.0,3,8,17.388468427844252
1,0,0,0,0,28.5,0.0,113043,0.5,1,2,45.5
1,0,0,0,1,153.4625,0.0,17582,0.0,2,2,38.0
3,0,0,2,0,18.0,0.0,345764,1.0,3,8,16.0
1,1,0,1,0,133.65,2.0,17611,0.0,2,8,31.74624895961233
3,0,0,0,0,7.8958,0.0,349225,0.5,1,8,28.616928217921345
1,0,0,1,0,66.6,0.0,113776,0.0,2,2,29.0
1,1,1,0,0,134.5,1.0,16966,0.0,1,4,41.0
3,0,0,0,0,8.05,0.0,7598,0.5,1,8,45.0
1,0,0,0,0,35.5,0.0,113784,0.5,1,7,45.0
2,0,0,1,1,26.0,3.0,230080,1.0,3,5,2.0
1,1,0,3,2,263.0,1.0,19950,1.0,6,2,24.0
2,0,0,0,0,13.0,0.0,248740,0.5,1,8,28.0
2,0,0,0,0,13.0,0.0,244361,0.5,1,8,25.0
2,0,0,0,0,13.0,0.0,229236,0.5,1,8,36.0
2,1,0,0,0,13.0,1.0,248733,0.5,1,5,24.0
2,1,0,0,0,13.0,1.0,31418,0.5,1,8,40.0
3,1,0,1,0,16.1,2.0,386525,0.5,2,8,21.274888019159082
3,0,0,1,1,15.9,3.0,37671,0.0,3,8,3.0
3,0,0,0,0,8.6625,0.0,315088,0.5,1,8,42.0
3,0,0,0,0,9.225,0.0,7267,0.5,1,8,23.0
1,0,0,0,0,35.0,0.0,113510,0.5,1,2,42.07889168270576
3,0,1,1,1,7.2292,0.0,2695,1.0,3,8,15.0
3,0,0,1,0,17.8,0.0,349237,1.0,2,8,25.0
3,0,1,0,0,7.225,0.0,2647,0.5,1,8,28.27640459602557
3,0,0,0,0,9.5,0.0,345783,0.5,1,8,28.0
1,1,0,0,1,55.0,1.0,113505,0.0,2,4,22.0
2,1,0,0,0,13.0,1.0,237671,0.5,1,8,38.0
3,1,2,0,0,7.8792,1.0,330931,0.5,1,8,25.03782506655078
3,1,2,0,0,7.8792,1.0,330980,0.5,1,8,25.037838576913508
3,0,0,1,4,27.9,0.0,347088,1.0,6,8,40.0
2,0,1,1,0,27.7208,0.0,2167,0.5,2,8,29.0
3,1,1,0,1,14.4542,2.0,2691,1.0,2,8,45.0
3,0,0,0,0,7.05,0.0,3101310,0.5,1,8,35.0
3,0,2,1,0,15.5,0.0,370365,0.0,2,8,24.103407574558453
3,0,0,0,0,7.25,0.0,7076,0.5,1,8,30.0
1,1,1,1,0,75.25,2.0,110813,0.5,2,3,60.0
3,1,1,0,0,7.2292,2.0,2626,0.5,1,8,24.58175070893989
3,1,2,0,0,7.75,1.0,14313,0.5,1,8,24.952545256910785
1,1,1,0,0,69.3,4.0,17477,0.0,1,1,24.0
1,0,1,1,0,55.4417,0.0,11765,0.5,2,4,25.0
3,0,0,1,0,6.4958,0.0,3101267,0.5,2,8,18.0
3,0,0,0,0,8.05,0.0,323951,0.5,1,8,19.0
1,0,1,0,0,135.6333,0.0,17760,0.0,1,8,22.0
3,1,0,3,1,21.075,1.0,349909,1.0,5,8,3.0
1,1,1,1,0,82.1708,2.0,17604,1.0,2,8,33.01530299962538
3,1,0,0,0,7.25,1.0,7077,0.5,1,8,22.0
1,0,1,0,2,211.5,0.0,113503,0.5,3,2,27.0
3,0,1,0,0,4.0125,0.0,2648,0.5,1,8,20.0
3,0,0,0,0,7.775,0.0,347069,0.5,1,8,19.0
1,1,1,0,0,227.525,1.0,17757,1.0,1,8,42.0
3,1,1,0,2,15.7417,1.0,2653,0.0,3,8,1.0
3,0,0,0,0,7.925,0.0,2,0.5,1,8,32.0
1,1,0,1,0,52.0,2.0,113789,1.0,2,8,35.0
3,0,0,0,0,7.8958,0.0,349227,0.5,1,8,28.61692876936472
2,0,0,0,0,73.5,0.0,14879,1.0,1,8,18.0
3,0,0,5,2,46.9,3.0,2144,1.0,8,8,1.0
2,1,0,0,0,13.0,1.0,27849,0.5,1,8,36.0
3,0,2,0,0,7.7292,0.0,367655,0.5,1,8,28.113722293952343
2,1,1,0,0,12.0,1.0,1748,0.5,1,8,17.0
1,0,0,1,2,120.0,0.0,113760,0.0,4,1,36.0
3,0,0,0,0,7.7958,0.0,350034,0.5,1,8,21.0
3,0,0,2,0,7.925,0.0,3101277,1.0,3,8,28.0
1,1,1,1,0,113.275,1.0,35273,1.0,2,3,23.0
3,1,0,0,2,16.7,2.0,9549,0.0,3,6,24.0
3,0,0,0,0,7.7958,0.0,350052,0.5,1,8,22.0
3,1,0,0,0,7.8542,1.0,350407,1.0,1,8,31.0
2,0,0,0,0,26.0,0.0,28403,1.0,1,8,46.0
2,0,0,0,0,10.5,4.0,244278,0.5,1,8,23.0
2,1,0,0,0,12.65,2.0,240929,0.5,1,8,28.0
3,0,0,0,0,7.925,0.0,2,0.5,1,8,39.0
3,0,0,0,0,8.05,0.0,341826,0.5,1,8,26.0
3,1,0,1,0,9.825,1.0,4137,1.0,2,8,21.0
3,0,0,1,0,15.85,0.0,2,0.0,2,8,28.0
3,1,0,0,0,8.6625,1.0,315096,1.0,1,8,20.0
2,0,0,1,0,21.0,0.0,28664,0.5,2,8,34.0
3,0,0,0,0,7.75,0.0,347064,0.5,1,8,51.0
2,0,0,1,1,18.75,3.0,29106,0.0,3,8,3.0
3,0,0,0,0,7.775,0.0,312992,0.5,1,8,21.0
3,1,0,3,1,25.4667,1.0,4133,1.0,5,8,14.077032019083191
3,0,0,0,0,7.8958,0.0,349222,0.5,1,8,28.616927390756278
3,0,2,0,0,6.8583,0.0,394140,0.5,1,8,28.134631853058487
1,1,2,1,0,90.0,1.0,19928,1.0,2,2,33.0
2,0,0,0,0,0.0,0.0,239853,1.0,1,8,35.455122607234884
3,0,0,0,0,7.925,0.0,2,0.5,1,8,44.0
3,1,0,0,0,8.05,2.0,343095,0.5,1,8,24.918246324893747
2,1,0,1,1,32.5,2.0,28220,0.5,3,8,34.0
2,1,0,0,2,13.0,1.0,250652,0.5,3,8,18.0
2,0,0,0,0,13.0,0.0,28228,0.5,1,8,30.0
3,1,0,0,2,24.15,1.0,345773,1.0,3,8,10.0
3,0,1,0,0,7.8958,0.0,349254,0.5,1,8,28.361490985008352
3,0,2,0,0,7.7333,0.0,5,0.5,1,8,21.0
3,0,0,0,0,7.875,0.0,315082,0.5,1,8,29.0
3,1,0,1,1,14.4,2.0,347080,1.0,3,8,28.0
3,0,0,1,1,20.2125,0.0,370129,1.0,3,8,18.0
3,0,0,0,0,7.25,0.0,4,0.5,1,8,28.530730488753946
2,1,0,1,0,26.0,2.0,2003,0.5,2,8,28.0
2,1,0,0,0,26.0,1.0,250655,1.0,1,8,19.0
3,0,2,0,0,7.75,0.0,364851,0.5,1,8,28.11262418806708
3,0,0,0,0,8.05,0.0,392078,0.5,1,4,32.0
1,0,0,0,0,26.55,0.0,110564,0.5,1,2,28.0
3,1,0,1,0,16.1,2.0,376564,1.0,2,8,21.632232843956487
2,1,0,1,0,26.0,2.0,3085,0.5,2,8,42.0
3,0,0,0,0,7.125,0.0,2,0.5,1,8,17.0
1,0,0,1,0,55.9,0.0,13507,0.0,2,4,50.0
1,1,0,1,2,120.0,1.0,113760,0.0,4,1,14.0
3,1,0,2,2,34.375,1.0,6608,1.0,5,8,21.0
2,1,0,2,3,18.75,2.0,29106,0.0,6,8,24.0
1,0,0,1,4,263.0,0.0,19950,1.0,6,2,64.0
2,0,0,0,0,10.5,0.0,18723,0.5,1,8,31.0
2,1,0,1,1,26.25,2.0,13529,1.0,3,8,45.0
3,0,0,0,0,9.5,0.0,345769,0.5,1,8,20.0
3,0,0,1,0,7.775,0.0,347076,0.5,2,8,25.0
2,1,0,0,0,13.0,4.0,230434,0.5,1,8,28.0
3,0,0,0,0,8.1125,0.0,65306,0.5,1,8,28.53525983909513
1,0,0,0,2,81.8583,3.0,33638,0.5,3,0,4.0
2,1,0,0,1,19.5,1.0,250644,0.0,2,8,13.0
1,0,0,0,0,26.55,0.0,113794,0.5,1,8,34.0
3,1,1,2,1,19.2583,1.0,2666,0.0,4,8,5.0
1,0,0,0,0,30.5,4.0,113786,0.5,1,2,52.0
2,0,0,1,2,27.75,0.0,34651,0.0,4,8,36.0
3,0,0,1,0,19.9667,0.0,65303,1.0,2,8,25.18058001930601
1,0,1,0,0,27.75,0.0,113051,0.5,1,2,30.0
1,0,1,1,0,89.1042,0.0,17453,0.0,2,2,49.0
3,0,0,0,0,8.05,0.0,5,0.5,1,8,28.518231446353564
3,0,1,0,0,7.8958,0.0,349240,0.5,1,8,29.0
1,0,0,0,0,26.55,0.0,13509,0.5,1,4,65.0
1,1,0,1,0,51.8625,2.0,17464,0.5,2,3,34.36803206725801
2,1,0,0,0,10.5,1.0,13531,0.5,1,8,50.0
3,0,2,0,0,7.75,0.0,371060,0.5,1,8,28.114336144029945
1,0,0,0,0,26.55,0.0,19952,0.5,1,4,48.0
3,0,0,0,0,8.05,0.0,364506,0.5,1,8,34.0
1,0,0,0,0,38.5,0.0,111320,0.5,1,4,47.0
2,0,0,0,0,13.0,0.0,234360,0.5,1,8,48.0
3,0,0,0,0,8.05,0.0,2816,0.5,1,8,28.51900650001947
3,0,0,0,0,7.05,0.0,3101306,0.5,1,8,38.0
2,0,0,0,0,0.0,0.0,239853,1.0,1,8,35.455122607234884
1,0,0,0,0,26.55,0.0,113792,0.5,1,8,56.0
3,0,2,0,0,7.725,0.0,36209,0.5,1,8,28.022401064661167
3,1,1,2,1,19.2583,1.0,2666,0.0,4,8,0.75
3,0,0,0,0,7.25,0.0,323592,0.5,1,8,28.61995071843834
3,0,0,0,0,8.6625,0.0,315089,1.0,1,8,38.0
2,1,0,1,2,27.75,2.0,34651,1.0,4,8,33.0
2,1,1,0,0,13.7917,2.0,541,0.5,1,3,23.0
3,1,0,0,0,9.8375,1.0,7553,0.5,1,8,22.0
1,0,0,0,0,52.0,0.0,110465,1.0,1,0,42.56608183823092
2,0,0,1,0,21.0,0.0,31027,0.0,2,8,34.0
3,0,0,1,0,7.0458,0.0,3460,0.5,2,8,29.0
3,0,0,0,0,7.5208,0.0,350060,0.5,1,8,22.0
3,1,0,0,1,12.2875,1.0,3101298,0.5,2,8,2.0
3,0,0,5,2,46.9,3.0,2144,1.0,8,8,9.0
2,0,0,0,0,0.0,0.0,239854,0.5,1,8,35.09503159442168
3,0,0,0,0,8.05,0.0,5,0.5,1,8,50.0
3,1,0,0,0,9.5875,2.0,4134,0.5,1,8,63.0
1,0,1,1,0,91.0792,0.0,11967,0.0,2,1,25.0
3,1,0,3,1,25.4667,1.0,4133,1.0,5,8,14.077032019083191
1,1,0,1,0,90.0,2.0,19943,0.0,2,2,35.0
1,0,1,0,0,29.7,0.0,11771,0.5,1,1,58.0
3,0,0,0,0,8.05,0.0,5,0.5,1,8,30.0
3,0,0,1,1,15.9,3.0,37671,0.0,3,8,9.0
3,0,0,1,0,19.9667,0.0,65304,1.0,2,8,25.180580295027696
3,0,0,0,0,7.25,0.0,3101317,0.5,1,8,21.0
1,0,0,0,0,30.5,0.0,113787,0.5,1,2,55.0
1,0,1,0,0,49.5042,0.0,17609,0.5,1,8,71.0
3,0,0,0,0,8.05,0.0,4,0.5,1,8,21.0
3,0,1,0,0,14.4583,0.0,2627,1.0,1,8,28.523476222911246
1,1,1,1,0,78.2667,1.0,36947,0.0,2,3,54.0
3,0,0,0,0,15.1,0.0,6212,0.5,1,8,28.409792609922313
1,1,0,1,2,151.55,2.0,113781,1.0,4,2,25.0
3,0,0,0,0,7.7958,0.0,350035,0.5,1,8,24.0
3,0,0,0,0,8.6625,0.0,315086,1.0,1,8,17.0
3,1,2,0,0,7.75,1.0,364846,0.5,1,8,21.0
3,1,2,0,0,7.6292,1.0,330909,0.5,1,8,25.041725037586783
3,1,0,0,0,9.5875,1.0,4135,0.5,1,8,37.0
1,1,0,0,0,86.5,1.0,110152,0.0,1,1,16.0
1,0,1,1,0,108.9,0.0,17758,0.0,2,2,18.0
2,1,0,0,2,26.0,2.0,26360,0.0,3,8,33.0
1,0,0,0,0,26.55,0.0,111427,0.5,1,8,41.02969455321767
3,0,0,0,0,22.525,0.0,4001,0.5,1,8,28.0
3,0,0,0,0,56.4958,0.0,1601,1.0,1,8,26.0
3,0,2,0,0,7.75,0.0,382651,0.5,1,8,29.0
3,0,0,0,0,8.05,0.0,3101316,0.5,1,8,29.37333015132017
1,0,0,0,0,26.2875,0.0,17473,0.5,1,4,36.0
1,1,1,1,0,59.4,2.0,17603,0.5,2,8,54.0
3,0,0,0,0,7.4958,0.0,349209,1.0,1,8,24.0
1,0,0,0,0,34.0208,0.0,36967,0.5,1,3,47.0
2,1,0,0,0,10.5,2.0,34260,0.5,1,5,34.0
3,0,2,0,0,24.15,0.0,371110,1.0,1,8,28.218205197146833
2,1,0,1,0,26.0,2.0,226875,0.5,2,8,36.0
3,0,0,0,0,7.8958,0.0,349242,0.5,1,8,32.0
1,1,0,0,0,93.5,1.0,12749,0.0,1,1,30.0
3,0,0,0,0,7.8958,0.0,349252,0.5,1,8,22.0
3,0,1,0,0,7.225,0.0,2624,0.5,1,8,28.276398254426738
1,1,1,0,1,57.9792,2.0,111361,0.0,2,1,44.0
3,0,1,0,0,7.2292,0.0,2700,0.5,1,8,28.276353587854913
3,0,2,0,0,7.75,0.0,367232,0.5,1,8,40.5
2,1,0,0,0,10.5,1.0,14258,0.5,1,8,50.0
1,0,0,0,0,221.7792,0.0,17483,0.5,1,2,39.13414915690817
3,0,0,0,0,7.925,0.0,3101296,0.5,1,8,39.0
2,0,0,2,1,11.5,0.0,29104,0.5,4,8,23.0
2,1,0,1,1,26.0,1.0,26360,0.0,3,8,2.0
3,0,1,0,0,7.2292,0.0,2641,0.5,1,8,28.2763373202753
3,0,1,1,1,7.2292,0.0,2690,1.0,3,8,17.0
3,1,1,0,2,22.3583,2.0,2668,0.0,3,8,22.22888316771394
3,1,0,0,0,8.6625,1.0,315084,1.0,1,8,30.0
2,1,0,0,2,26.25,1.0,13529,1.0,3,8,7.0
1,0,0,0,0,26.55,4.0,113050,0.5,1,1,45.0
1,1,1,0,0,106.425,1.0,17761,1.0,1,8,30.0
3,0,0,0,0,14.5,0.0,364498,0.5,1,8,28.517954319340046
1,1,1,0,2,49.5,1.0,13568,0.5,3,1,22.0
1,1,0,0,2,71.0,1.0,5735,1.0,3,1,36.0
3,1,0,4,2,31.275,1.0,347082,1.0,7,8,9.0
3,1,0,4,2,31.275,1.0,347082,1.0,7,8,11.0
2,0,0,1,0,26.0,0.0,2908,0.0,2,8,32.0
1,0,1,1,0,106.425,0.0,17761,0.0,2,2,50.0
1,0,0,0,0,26.0,0.0,693,0.5,1,8,64.0
2,1,0,1,0,26.0,2.0,2908,0.0,2,8,19.0
2,0,1,0,0,13.8625,0.0,2146,0.5,1,8,34.557455367655415
3,0,0,1,1,20.525,0.0,363291,0.0,3,8,33.0
2,0,0,1,1,36.75,3.0,33112,1.0,3,8,8.0
1,0,1,0,2,110.8833,0.0,17421,1.0,3,2,17.0
2,0,0,0,0,26.0,0.0,244358,0.5,1,8,27.0
3,0,2,0,0,7.8292,0.0,330979,0.5,1,8,28.102047510545773
3,0,1,0,0,7.225,0.0,2620,0.5,1,8,22.0
3,1,0,0,0,7.775,1.0,347085,0.5,1,8,22.0
1,0,0,0,0,26.55,0.0,113807,0.5,1,8,62.0
1,1,1,1,0,39.6,4.0,11755,0.5,2,0,48.0
1,0,1,0,0,227.525,0.0,17757,0.0,1,8,37.24826811081605
1,1,0,1,1,79.65,2.0,110413,1.0,3,4,39.0
3,1,0,1,0,17.4,2.0,345572,0.5,2,8,36.0
3,0,2,0,0,7.75,0.0,372622,0.5,1,8,28.11476682130712
3,0,0,0,0,7.8958,0.0,349251,0.5,1,8,40.0
2,0,0,0,0,13.5,0.0,218629,0.5,1,8,28.0
3,0,0,0,0,8.05,0.0,392082,0.5,1,8,28.626335578750215
3,1,0,0,0,8.05,1.0,392087,0.5,1,8,25.562908955387336
3,0,0,2,0,24.15,0.0,4,1.0,3,8,24.0
3,0,0,0,0,7.8958,0.0,349205,0.5,1,8,19.0
3,1,0,0,4,21.075,2.0,349909,1.0,5,8,29.0
3,0,1,0,0,7.2292,0.0,2686,0.5,1,8,28.276349727751274
3,0,0,0,0,7.8542,0.0,350417,0.5,1,8,32.0
2,0,0,0,0,10.5,0.0,752,1.0,1,8,62.0
1,1,0,2,0,51.4792,2.0,11769,0.5,3,2,53.0
1,0,0,0,0,26.3875,0.0,17474,0.5,1,4,36.0
3,1,2,0,0,7.75,1.0,14312,0.0,1,8,24.592453692654203
3,0,0,0,0,8.05,0.0,4,0.5,1,8,16.0
3,0,0,0,0,14.5,0.0,358585,1.0,1,8,19.0
2,1,0,0,0,13.0,1.0,243880,0.5,1,8,34.0
1,1,0,1,0,55.9,2.0,13507,1.0,2,4,39.0
3,1,1,1,0,14.4583,2.0,2689,0.5,2,8,20.939261043555284
3,0,0,0,0,7.925,0.0,2,0.5,1,8,32.0
2,1,0,1,1,30.0,1.0,237789,0.5,3,8,25.0
1,1,1,1,1,110.8833,2.0,17421,1.0,3,2,39.0
2,0,0,0,0,26.0,0.0,28403,1.0,1,8,54.0
1,0,1,0,0,40.125,0.0,13049,0.5,1,0,36.0
3,0,1,0,0,8.7125,0.0,3411,0.5,1,8,28.253374327762234
1,1,0,0,2,79.65,1.0,110413,1.0,3,4,18.0
2,0,0,0,0,15.0,0.0,237565,0.5,1,8,47.0
1,0,1,1,1,79.2,0.0,13567,0.5,3,1,60.0
3,0,0,0,0,8.05,0.0,14973,0.5,1,8,22.0
3,0,0,0,0,8.05,0.0,5,0.5,1,8,28.518231446353564
3,0,0,0,0,7.125,0.0,2,0.5,1,8,35.0
1,1,1,1,0,78.2667,2.0,36947,0.0,2,3,52.0
3,0,0,0,0,7.25,0.0,5,0.5,1,8,47.0
3,1,2,0,2,7.75,1.0,364848,0.5,3,8,23.292786818179476
2,0,0,1,0,26.0,0.0,29037,0.5,2,8,37.0
3,0,0,1,1,24.15,0.0,345773,1.0,3,8,36.0
2,1,0,0,0,33.0,1.0,248727,1.0,1,8,31.878544486990474
3,0,0,0,0,0.0,0.0,5,1.0,1,8,49.0
3,0,1,0,0,7.225,0.0,2664,0.5,1,8,28.276409283294274
1,0,1,1,0,56.9292,4.0,17485,0.0,2,0,49.0
2,1,0,2,1,27.0,2.0,243847,1.0,4,8,24.0
3,0,0,0,0,7.8958,0.0,349214,0.5,1,8,28.616925184982772
1,0,0,0,0,42.4,0.0,113796,0.5,1,8,40.78270499760383
3,0,0,0,0,8.05,0.0,364511,0.5,1,8,44.0
1,0,1,0,0,26.55,0.0,111426,0.5,1,8,35.0
3,0,0,1,0,15.55,0.0,349910,0.5,2,8,36.0
3,0,0,0,0,7.8958,0.0,349246,0.5,1,8,30.0
1,0,0,0,0,30.5,0.0,113804,0.5,1,8,27.0
2,1,1,1,2,41.5792,2.0,2123,1.0,4,8,22.0
1,1,0,0,0,153.4625,1.0,17582,1.0,1,2,40.0
3,1,0,1,5,31.275,2.0,347082,1.0,7,8,39.0
3,0,0,0,0,7.05,0.0,3101305,0.5,1,8,29.388951266034187
3,1,2,1,0,15.5,1.0,367230,0.0,2,8,21.039115185094207
3,0,2,0,0,7.75,0.0,370377,0.5,1,8,28.114147826116813
3,0,0,0,0,8.05,0.0,364512,0.5,1,8,35.0
2,1,0,1,2,65.0,1.0,220845,0.0,4,8,24.0
3,0,0,1,1,14.4,0.0,347080,1.0,3,8,34.0
3,1,0,1,0,16.1,2.0,5,1.0,2,8,26.0
2,1,0,2,1,39.0,1.0,230136,0.0,4,5,4.0
2,0,0,0,0,10.5,0.0,31028,0.5,1,8,26.0
3,0,1,1,0,14.4542,0.0,2659,0.0,2,8,27.0
1,0,0,1,0,52.5542,0.0,11753,0.5,2,3,42.0
3,0,1,1,1,15.7417,0.0,2653,0.0,3,8,20.0
3,0,0,0,0,7.8542,0.0,350029,1.0,1,8,21.0
3,0,0,0,0,16.1,0.0,54636,1.0,1,8,21.0
1,0,0,0,0,32.3208,0.0,36963,0.5,1,3,61.0
2,0,2,0,0,12.35,4.0,219533,0.5,1,8,57.0
1,1,0,0,0,77.9583,1.0,13502,0.0,1,3,21.0
3,0,0,0,0,7.8958,0.0,349224,0.5,1,8,26.0
3,0,2,0,0,7.7333,0.0,334912,0.5,1,8,28.10463027970587
1,0,0,0,0,30.0,0.0,27042,0.5,1,0,80.0
3,0,0,0,0,7.0542,0.0,347743,0.5,1,8,51.0
1,0,1,0,0,30.5,4.0,13214,0.5,1,1,32.0
1,0,0,0,0,0.0,0.0,112052,0.5,1,8,41.44468799944905
3,1,0,3,2,27.9,1.0,347088,1.0,6,8,9.0
2,1,0,0,0,13.0,1.0,237668,0.5,1,8,28.0
3,0,0,0,0,7.925,0.0,2,0.5,1,8,32.0
2,0,0,1,1,26.25,0.0,31921,0.0,3,8,31.0
3,1,0,0,5,39.6875,2.0,3101295,1.0,6,8,41.0
3,0,0,1,0,16.1,0.0,376564,0.0,2,8,24.606632742396783
3,0,0,0,0,7.8542,0.0,350050,1.0,1,8,20.0
1,1,1,0,0,69.3,4.0,17477,0.0,1,1,24.0
3,1,0,3,2,27.9,1.0,347088,1.0,6,8,2.0
3,0,0,0,0,56.4958,0.0,1601,1.0,1,8,28.121838454355355
3,1,1,2,1,19.2583,1.0,2666,0.0,4,8,0.75
1,0,1,1,0,76.7292,0.0,17572,0.0,2,3,48.0
3,0,0,0,0,7.8958,0.0,349231,0.5,1,8,19.0
1,0,1,0,0,35.5,4.0,13213,0.5,1,0,56.0
3,0,0,0,0,7.55,0.0,751,0.5,1,8,28.526249208559353
3,1,0,0,0,7.55,1.0,2314,0.5,1,8,23.0
3,0,0,0,0,7.8958,0.0,349221,0.5,1,8,28.616927115034592
2,1,0,0,1,23.0,1.0,231919,0.0,2,8,18.0
3,0,0,0,0,8.4333,0.0,8475,0.5,1,8,21.0
3,1,2,0,0,7.8292,1.0,330919,0.5,1,8,25.03860296527315
3,1,2,0,0,6.75,1.0,365226,0.5,1,8,18.0
2,0,0,2,0,73.5,0.0,14879,1.0,3,8,24.0
3,0,0,0,0,7.8958,0.0,349223,0.5,1,8,28.616927666477967
3,1,2,1,1,15.5,2.0,364849,1.0,3,8,32.0
2,0,0,0,0,13.0,0.0,29751,0.5,1,8,23.0
1,0,1,0,2,113.275,0.0,35273,0.0,3,3,58.0
1,0,0,2,0,133.65,4.0,17611,0.0,3,8,50.0
3,0,1,0,0,7.225,0.0,2623,0.5,1,8,40.0
1,0,0,0,0,25.5875,0.0,5727,0.5,1,4,47.0
3,0,0,0,0,7.4958,0.0,349210,1.0,1,8,36.0
3,0,0,1,0,7.925,0.0,2,0.5,2,8,20.0
2,0,0,2,0,73.5,0.0,14879,1.0,3,8,32.0
2,0,0,0,0,13.0,0.0,234686,0.5,1,8,25.0
3,0,0,0,0,7.775,0.0,312993,0.5,1,8,28.608825666746085
3,0,0,0,0,8.05,0.0,5,0.5,1,8,43.0
1,1,0,1,0,52.0,2.0,19996,0.0,2,2,34.20326506054835
2,1,0,1,1,39.0,2.0,29750,1.0,3,8,40.0
1,0,0,1,0,52.0,0.0,12750,0.5,2,1,31.0
2,0,0,0,0,10.5,0.0,24580,0.5,1,8,70.0
2,0,0,0,0,13.0,0.0,244270,0.5,1,8,31.0
2,0,0,0,0,0.0,0.0,239856,0.5,1,8,35.095032145865055
3,0,0,0,0,7.775,0.0,349912,0.5,1,8,18.0
3,0,0,0,0,8.05,0.0,342826,0.5,1,8,24.5
3,1,0,0,0,9.8417,1.0,4138,0.5,1,8,18.0
3,1,0,1,6,46.9,2.0,2144,1.0,8,8,43.0
1,0,1,0,1,512.3292,0.0,17755,0.0,2,1,36.0
3,1,2,0,0,8.1375,1.0,330935,0.5,1,8,25.03379045209887
1,0,1,0,0,76.7292,0.0,17572,0.0,1,3,27.0
3,0,0,0,0,9.225,0.0,6563,0.5,1,8,20.0
3,0,0,5,2,46.9,0.0,2144,1.0,8,8,14.0
2,0,0,1,1,39.0,0.0,29750,0.0,3,8,60.0
2,0,1,1,2,41.5792,0.0,2123,0.0,4,8,25.0
3,0,0,4,1,39.6875,0.0,3101295,1.0,6,8,14.0
3,0,0,0,0,10.1708,0.0,349228,0.5,1,8,19.0
3,0,0,0,0,7.7958,0.0,350036,0.5,1,8,18.0
1,1,0,0,1,211.3375,1.0,24160,0.0,2,1,15.0
1,0,0,1,0,57.0,0.0,17474,0.0,2,1,31.0
3,1,1,0,1,13.4167,1.0,349256,0.5,2,8,4.0
3,0,0,0,0,56.4958,0.0,1601,1.0,1,8,28.121838454355355
3,0,1,0,0,7.225,0.0,2672,0.5,1,8,25.0
1,0,0,0,0,26.55,4.0,113800,0.5,1,8,60.0
2,0,0,0,0,13.5,0.0,248731,0.5,1,8,52.0
3,0,0,0,0,8.05,0.0,363592,0.5,1,8,44.0
3,1,2,0,0,7.7333,1.0,35852,0.5,1,8,24.958744949621593
1,0,1,1,1,110.8833,0.0,17421,0.0,3,2,49.0
3,0,0,0,0,7.65,0.0,348121,0.5,1,5,42.0
1,1,1,1,0,227.525,2.0,17757,1.0,2,2,18.0
1,0,0,0,0,26.2875,0.0,17475,0.5,1,4,35.0
3,1,1,0,1,14.4542,1.0,2691,1.0,2,8,18.0
3,0,2,0,0,7.7417,0.0,36864,0.5,1,8,25.0
3,0,0,1,0,7.8542,0.0,350025,1.0,2,8,26.0
2,0,0,0,0,26.0,0.0,250655,0.0,1,8,39.0
2,1,0,0,0,13.5,2.0,223596,0.5,1,8,45.0
1,0,0,0,0,26.2875,0.0,17476,0.5,1,4,42.0
1,1,0,0,0,151.55,1.0,113781,1.0,1,8,22.0
3,0,1,1,1,15.2458,3.0,2661,0.0,3,8,21.48977280305489
1,1,1,0,0,49.5042,4.0,17482,0.5,1,2,24.0
1,0,0,0,0,26.55,0.0,113028,0.5,1,2,42.21078283251634
1,0,0,1,0,52.0,0.0,19996,0.0,2,2,48.0
3,0,0,0,0,9.4833,0.0,7545,0.5,1,8,29.0
2,0,0,0,0,13.0,0.0,250647,1.0,1,8,52.0
3,0,0,0,0,7.65,0.0,348124,0.5,1,5,19.0
1,1,1,0,0,227.525,1.0,17757,1.0,1,2,38.0
2,1,0,0,0,10.5,1.0,34218,0.5,1,4,27.0
3,0,2,0,0,15.5,0.0,36568,0.5,1,8,27.90102230074842
3,0,0,0,0,7.775,0.0,347062,0.5,1,8,33.0
2,1,0,0,1,33.0,1.0,248727,1.0,2,8,6.0
3,0,0,1,0,7.0542,0.0,350048,0.5,2,8,17.0
2,0,0,0,0,13.0,0.0,12233,0.5,1,8,34.0
2,0,0,0,0,13.0,0.0,250643,0.5,1,8,50.0
1,0,0,1,0,53.1,0.0,113806,0.0,2,4,27.0
3,0,0,0,0,8.6625,0.0,315094,1.0,1,8,20.0
2,1,0,3,0,21.0,2.0,31027,1.0,4,8,30.0
3,1,2,0,0,7.7375,1.0,36866,0.5,1,8,24.958958909993424
2,0,0,1,0,26.0,0.0,236853,0.5,2,8,25.0
3,1,0,1,0,7.925,1.0,2,0.5,2,8,25.0
1,1,0,0,0,211.3375,1.0,24160,0.0,1,1,29.0
3,0,1,0,0,18.7875,0.0,2699,0.0,1,8,11.0
2,0,0,0,0,0.0,0.0,239855,0.5,1,8,35.095031870143366
2,0,0,0,0,13.0,0.0,28425,0.5,1,8,23.0
2,0,0,0,0,13.0,0.0,233639,0.5,1,8,23.0
3,0,0,0,0,16.1,0.0,54636,1.0,1,8,28.5
3,1,0,1,3,34.375,2.0,6608,1.0,5,8,48.0
1,0,1,0,0,512.3292,0.0,17755,0.0,1,1,35.0
3,0,0,0,0,7.8958,0.0,349201,0.5,1,8,28.616921600600826
3,0,0,0,0,7.8958,0.0,349218,0.5,1,8,28.616926287869525
1,0,0,0,0,30.0,0.0,16988,0.5,1,3,41.933624737354776
1,0,0,1,0,78.85,0.0,19877,0.0,2,2,36.0
1,1,1,2,2,262.375,1.0,17608,0.0,5,1,21.0
3,0,0,1,0,16.1,0.0,376566,0.5,2,8,24.0
3,0,0,0,0,7.925,0.0,2,0.5,1,8,31.0
1,0,0,1,1,71.0,4.0,5735,0.0,3,1,70.0
3,0,0,1,1,20.25,0.0,2673,0.0,3,8,16.0
2,1,0,0,0,13.0,1.0,250648,0.5,1,8,30.0
1,0,0,1,0,53.1,0.0,113773,0.5,2,3,19.0
3,0,2,0,0,7.75,0.0,335097,0.5,1,8,31.0
2,1,0,1,1,23.0,1.0,29103,0.5,3,8,4.0
3,0,0,0,1,12.475,3.0,392096,0.0,2,4,6.0
3,0,0,0,0,9.5,0.0,345780,0.5,1,8,33.0
3,0,0,0,0,7.8958,0.0,349204,0.5,1,8,23.0
2,1,0,1,2,65.0,2.0,220845,0.0,4,8,48.0
2,0,0,1,1,14.5,3.0,250649,0.0,3,8,0.67
3,0,0,0,0,7.7958,0.0,350042,0.5,1,8,28.0
2,0,0,0,0,11.5,0.0,29108,0.5,1,8,18.0
3,0,0,0,0,8.05,0.0,363294,0.5,1,8,34.0
1,1,0,0,0,86.5,4.0,110152,0.0,1,1,33.0
3,0,0,0,0,14.5,0.0,358585,1.0,1,8,28.876415265531826
3,0,0,0,0,7.125,0.0,2,0.5,1,8,41.0
3,0,1,0,0,7.2292,0.0,2663,0.5,1,8,20.0
1,1,0,1,2,120.0,2.0,113760,0.0,4,1,36.0
3,0,0,0,0,7.775,0.0,347074,0.5,1,8,16.0
1,1,0,1,0,77.9583,2.0,13502,0.0,2,3,51.0
1,0,1,0,0,39.6,4.0,112379,0.5,1,8,38.045998790401704
3,1,2,0,0,7.75,1.0,364850,0.5,1,8,30.5
3,0,2,1,0,24.15,0.0,371110,1.0,2,8,24.68864668709118
3,0,0,0,0,8.3625,0.0,8471,0.5,1,8,32.0
3,0,0,0,0,9.5,0.0,345781,0.5,1,8,24.0
3,0,0,0,0,7.8542,0.0,350047,1.0,1,8,48.0
2,1,0,0,0,10.5,2.0,3,1.0,1,4,57.0
3,0,1,0,0,7.225,0.0,2674,0.5,1,8,28.276412040511158
2,1,0,1,3,23.0,2.0,29105,0.5,5,8,54.0
3,0,0,0,0,7.75,0.0,347078,0.5,1,8,18.0
3,0,2,0,0,7.75,0.0,383121,0.5,1,5,28.707985047750757
3,1,0,0,0,12.475,1.0,364516,0.0,1,8,5.0
3,0,2,0,0,7.7375,0.0,36865,0.5,1,8,28.022386636243056
1,1,0,0,1,211.3375,2.0,24160,0.0,2,1,43.0
3,1,1,0,0,7.2292,1.0,2687,0.5,1,8,13.0
1,1,0,1,0,57.0,2.0,17474,0.0,2,1,17.0
1,0,0,0,0,30.0,0.0,113501,0.5,1,3,29.0
3,0,0,1,2,23.45,0.0,6607,1.0,4,8,23.353564124818124
3,0,0,0,0,7.05,0.0,3101312,1.0,1,8,25.0
3,0,0,0,0,7.25,0.0,374887,0.5,1,8,25.0
3,1,0,0,0,7.4958,1.0,3101265,0.5,1,8,18.0
3,0,2,4,1,29.125,3.0,382652,1.0,6,8,8.0
3,0,0,1,2,20.575,3.0,2315,1.0,4,8,1.0
1,0,1,0,0,79.2,0.0,17593,1.0,1,1,46.0
3,0,2,0,0,7.75,0.0,12460,0.5,1,8,28.015462346593626
2,0,0,0,0,26.0,0.0,239865,1.0,1,8,16.0
3,1,0,8,2,69.55,1.0,2343,1.0,11,8,0.0
1,0,1,0,0,30.6958,0.0,17600,0.5,1,8,40.68360459418638
3,0,0,0,0,7.8958,0.0,349203,0.5,1,8,25.0
2,0,0,0,0,13.0,0.0,28213,0.5,1,8,39.0
1,1,0,0,0,25.9292,4.0,17465,0.5,1,3,49.0
3,1,0,0,0,8.6833,2.0,349244,0.5,1,8,31.0
3,0,1,0,0,7.2292,0.0,2685,0.5,1,8,30.0
3,1,0,1,1,24.15,2.0,345773,1.0,3,8,30.0
2,0,0,0,0,13.0,0.0,250647,1.0,1,8,34.0
2,1,0,1,1,26.25,2.0,31921,1.0,3,8,31.0
1,0,0,1,2,120.0,3.0,113760,0.0,4,1,11.0
3,0,1,0,1,8.5167,3.0,2625,0.5,2,8,0.42
3,0,0,0,0,6.975,0.0,347089,0.5,1,8,27.0
3,0,0,0,0,7.775,0.0,347063,0.5,1,8,31.0
1,0,0,0,0,0.0,0.0,112050,0.5,1,0,39.0
3,1,0,0,0,7.775,1.0,347087,0.5,1,8,18.0
2,0,0,0,0,13.0,0.0,248723,0.5,1,8,39.0
1,1,0,1,0,53.1,2.0,113806,0.0,2,4,33.0
3,0,0,0,0,7.8875,0.0,3474,0.5,1,8,26.0
3,0,0,0,0,24.15,0.0,4,1.0,1,8,39.0
2,0,0,0,0,10.5,0.0,28206,0.5,1,8,35.0
3,1,0,4,2,31.275,1.0,347082,1.0,7,8,6.0
3,0,0,0,0,8.05,0.0,364499,0.5,1,8,30.5
1,0,0,0,0,0.0,0.0,112058,0.5,1,1,42.82211097746744
3,1,0,0,0,7.925,1.0,2,0.5,1,8,23.0
2,0,1,1,1,37.0042,0.0,2079,0.0,3,8,31.0
3,0,0,0,0,6.45,0.0,7075,0.5,1,8,43.0
3,0,0,3,2,27.9,3.0,347088,1.0,6,8,10.0
1,1,0,1,1,93.5,2.0,12749,0.0,3,1,52.0
3,0,0,0,0,8.6625,0.0,315098,0.5,1,8,27.0
1,0,0,0,0,0.0,4.0,19972,0.5,1,8,38.0
3,1,0,0,1,12.475,2.0,392096,0.0,2,4,27.0
3,0,0,4,1,39.6875,3.0,3101295,1.0,6,8,2.0
3,0,2,0,0,6.95,0.0,368323,0.5,1,8,28.126080811891043
3,0,0,0,0,56.4958,0.0,1601,1.0,1,8,28.121838454355355
2,0,1,0,2,37.0042,3.0,2079,1.0,3,8,1.0
3,0,2,0,0,7.75,0.0,367228,0.5,1,8,28.11327957852025
1,1,0,0,0,80.0,2.0,113572,0.0,1,1,62.0
3,1,1,1,0,14.4542,2.0,2659,1.0,2,8,15.0
2,0,0,1,1,18.75,3.0,29106,0.0,3,8,0.83
3,0,1,0,0,7.2292,0.0,2671,0.5,1,8,28.27634559192595
3,0,0,0,0,7.8542,0.0,347468,0.5,1,8,23.0
3,0,0,0,0,8.3,0.0,2223,0.5,1,8,18.0
1,1,1,1,1,83.1583,1.0,17756,0.5,3,4,39.0
3,0,0,0,0,8.6625,0.0,315097,0.5,1,8,21.0
3,0,0,0,0,8.05,0.0,392092,0.5,1,8,28.626338335967098
3,0,0,0,0,56.4958,0.0,1601,1.0,1,8,32.0
1,0,1,0,0,29.7,0.0,11774,0.5,1,2,41.87820361473824
3,0,0,0,0,7.925,0.0,2,0.5,1,8,20.0
2,0,0,0,0,10.5,0.0,3,1.0,1,8,16.0
1,1,1,0,0,31.0,1.0,113798,1.0,1,8,30.0
3,0,1,0,0,6.4375,0.0,2683,0.5,1,8,34.5
3,0,0,0,0,8.6625,0.0,315090,0.5,1,8,17.0
3,0,0,0,0,7.55,0.0,5547,0.5,1,8,42.0
3,0,0,8,2,69.55,0.0,2343,1.0,11,8,0.0
3,0,1,0,0,7.8958,0.0,349213,0.5,1,8,35.0
2,0,0,0,1,33.0,4.0,248727,0.0,2,8,28.0
1,1,1,1,0,89.1042,2.0,17453,0.0,2,2,33.36739717212186
3,0,0,4,2,31.275,3.0,347082,1.0,7,8,4.0
3,0,0,0,0,7.775,0.0,347060,0.5,1,8,74.0
3,1,1,1,1,15.2458,1.0,2678,1.0,3,8,9.0
1,1,0,0,1,39.4,1.0,17592,0.5,2,3,16.0
2,1,0,1,0,26.0,2.0,244252,1.0,2,8,44.0
3,1,0,0,1,9.35,2.0,392091,0.5,2,8,18.0
1,1,0,1,1,164.8667,2.0,36928,0.0,3,8,45.0
1,0,0,0,0,26.55,0.0,113055,0.5,1,4,51.0
3,1,1,0,3,19.2583,2.0,2666,0.0,4,8,24.0
3,0,1,0,0,7.2292,0.0,2629,0.5,1,8,28.27633401161504
3,0,0,2,0,14.1083,0.0,350026,0.5,3,8,41.0
2,0,0,1,0,11.5,0.0,28134,0.5,2,8,21.0
1,1,0,0,0,25.9292,2.0,17466,0.5,1,3,48.0
3,1,0,8,2,69.55,1.0,2343,1.0,11,8,0.0
2,0,0,0,0,13.0,0.0,233866,0.5,1,8,24.0
2,1,0,0,0,13.0,2.0,236852,0.5,1,8,42.0
2,1,1,1,0,13.8583,1.0,2149,0.5,2,8,27.0
1,0,0,0,0,50.4958,0.0,17590,0.5,1,0,31.0
3,0,0,0,0,9.5,0.0,345777,0.5,1,8,28.590913271875692
3,0,0,1,1,11.1333,3.0,347742,0.0,3,8,4.0
3,0,0,0,0,7.8958,0.0,349248,0.5,1,8,26.0
1,1,0,1,1,52.5542,2.0,11751,0.0,3,3,47.0
1,0,0,0,0,5.0,0.0,695,0.5,1,1,33.0
3,0,0,0,0,9.0,0.0,345765,0.5,1,8,47.0
2,1,1,1,0,24.0,2.0,3381,1.0,2,8,28.0
3,1,1,0,0,7.225,1.0,2667,0.5,1,8,15.0
3,0,0,0,0,9.8458,0.0,7534,1.0,1,8,20.0
3,0,0,0,0,7.8958,0.0,349212,1.0,1,8,19.0
3,0,0,0,0,7.8958,0.0,349217,0.5,1,8,28.616926012147836
1,1,1,0,1,83.1583,2.0,11767,0.0,2,2,56.0
2,1,0,0,1,26.0,2.0,230433,0.0,2,8,25.0
3,0,0,0,0,7.8958,0.0,349257,0.5,1,8,33.0
3,1,0,0,0,10.5167,1.0,7552,0.5,1,8,22.0
2,0,0,0,0,10.5,0.0,34068,0.5,1,8,28.0
3,0,0,0,0,7.05,0.0,392076,0.5,1,8,25.0
3,1,2,0,5,29.125,2.0,382652,1.0,6,8,39.0
2,0,0,0,0,13.0,4.0,211536,0.5,1,8,27.0
1,1,0,0,0,30.0,1.0,112053,0.5,1,1,19.0
3,1,0,1,2,23.45,1.0,6607,1.0,4,8,20.2901361228468
1,0,1,0,0,30.0,0.0,111369,0.5,1,2,26.0
3,0,2,0,0,7.75,0.0,370376,0.5,1,8,32.0
